{
  "accuracy": 0.98855,
  "precision": 0.9844323252354983,
  "recall": 0.9928,
  "f1_score": 0.9885984565596216,
  "auc_roc": 0.99942717,
  "eer": 0.9893,
  "eer_threshold": 0.36737918853759766,
  "true_negatives": 9928,
  "false_positives": 72,
  "false_negatives": 157,
  "true_positives": 9843,
  "specificity": 0.9928,
  "fpr": 0.0072,
  "fnr": 0.0157
}