{
  "accuracy": 0.9848,
  "precision": 0.9764150943396226,
  "recall": 0.9936,
  "f1_score": 0.9849325931800159,
  "auc_roc": 0.99920586,
  "eer": 0.9876,
  "eer_threshold": 0.22867916524410248,
  "true_negatives": 9936,
  "false_positives": 64,
  "false_negatives": 240,
  "true_positives": 9760,
  "specificity": 0.9936,
  "fpr": 0.0064,
  "fnr": 0.024
}